,name,Cv_gravimetric_300_mean,Cv_gravimetric_300_std,Cv_molar_300_mean,Cv_molar_300_std
0,qmof-830ed1c.cif,0.8864238734253045,0.007822043295815304,9.952114416051794,0.08782014133537955
